{"stats":{"minecraft:picked_up":{"minecraft:crafting_table":3,"minecraft:feather":1,"ms:copperore":12,"minecraft:andesite":2,"ms:food/beefsandwich":1,"minecraft:leather":7,"ms:nature/silverbell_log":5,"minecraft:oak_log":5,"alexsmobs:gazelle_horn":1,"minecraft:dirt":18,"minecraft:string":11,"ms:gem/citrine":20,"minecraft:iron_leggings":1,"minecraft:bone":1,"minecraft:apple":1,"usefulbackpacks:backpack_small":1,"minecraft:beef":17,"ms:crop/pink_tulip_seeds":1,"ms:tool/copperpickaxe":1,"ms:crafting/spruce_crafting_table":1,"minecraft:acacia_sapling":7,"minecraft:furnace":3,"ms:nature/silverbell_sapling":2,"minecraft:stick":5,"minecraft:pumpkin":1,"ms:gem/lila":6,"minecraft:torch":2,"minecraft:acacia_log":16,"minecraft:porkchop":4,"minecraft:diorite":1,"minecraft:white_bed":3,"ms:tinore":4,"minecraft:arrow":1,"minecraft:purple_bed":7,"minecraft:rotten_flesh":7,"alexsmobs:tarantula_hawk_wing_fragment":1,"alexsmobs:emu_egg":3,"minecraft:bread":9,"ms:gem/amazonite":6,"minecraft:oak_sapling":1,"minecraft:rail":7,"minecraft:mutton":8,"minecraft:coal":105,"alexsmobs:kangaroo_meat":1,"minecraft:white_wool":3,"minecraft:cobblestone":40},"minecraft:mined":{"ms:tinore":4,"minecraft:acacia_leaves":51,"minecraft:white_bed":3,"ms:nature/silverbell_leaf":25,"ms:crafting/spruce_crafting_table":1,"minecraft:crafting_table":3,"minecraft:torch":2,"minecraft:acacia_log":16,"minecraft:grass_block":5,"minecraft:dead_bush":1,"minecraft:tall_grass":3,"ms:nature/silverbell_log":5,"minecraft:diorite":1,"ms:copperore":12,"ms:lilaore":1,"minecraft:purple_bed":4,"minecraft:furnace":3,"ms:amazoniteore":5,"minecraft:andesite":2,"minecraft:pumpkin":1,"minecraft:oak_log":5,"minecraft:coal_ore":62,"minecraft:rail":4,"minecraft:dirt":14,"minecraft:cobweb":8,"minecraft:stone":37,"ms:citrineore":7},"minecraft:crafted":{"minecraft:cooked_beef":17,"minecraft:oak_planks":20,"minecraft:cooked_porkchop":4,"minecraft:crafting_table":1,"minecraft:wooden_pickaxe":1,"alexsmobs:cooked_kangaroo_meat":1,"minecraft:furnace":1,"alexsmobs:boiled_emu_egg":1,"minecraft:stone_axe":1,"minecraft:cooked_mutton":4,"minecraft:air":0,"minecraft:stick":12,"minecraft:stone_pickaxe":1,"minecraft:stone_sword":1,"minecraft:white_bed":1,"minecraft:acacia_planks":64,"minecraft:torch":40},"minecraft:custom":{"minecraft:interact_with_furnace":16,"minecraft:mob_kills":27,"minecraft:interact_with_crafting_table":4,"minecraft:play_one_minute":97432,"minecraft:bell_ring":1,"minecraft:leave_game":4,"minecraft:time_since_death":97432,"minecraft:sleep_in_bed":8,"minecraft:time_since_rest":10019,"minecraft:sprint_one_cm":221974,"minecraft:damage_taken":792,"minecraft:walk_one_cm":217782,"minecraft:drop":11,"minecraft:damage_dealt":2875,"minecraft:swim_one_cm":4392,"minecraft:fly_one_cm":269864,"minecraft:crouch_one_cm":1248,"minecraft:sneak_time":725,"minecraft:walk_under_water_one_cm":6478,"minecraft:jump":1341,"minecraft:walk_on_water_one_cm":3203,"minecraft:fall_one_cm":40935},"minecraft:dropped":{"minecraft:rotten_flesh":7,"alexsmobs:boiled_emu_egg":1,"minecraft:leather":7,"ms:gem/lila":2,"minecraft:purple_bed":1,"minecraft:string":9,"ms:copperore":4},"minecraft:killed":{"minecraft:cat":1,"minecraft:pig":4,"alexsmobs:tarantula_hawk":1,"alexsmobs:rattlesnake":1,"minecraft:sheep":3,"minecraft:zombie":5,"alexsmobs:gazelle":1,"alexsmobs:roadrunner":1,"alexsmobs:kangaroo":1,"minecraft:cow":9},"minecraft:used":{"alexsmobs:emu_egg":2,"minecraft:cooked_mutton":4,"minecraft:stone_sword":84,"minecraft:stone_pickaxe":103,"minecraft:wooden_pickaxe":35,"minecraft:torch":13,"minecraft:dirt":15,"minecraft:rail":1,"minecraft:crafting_table":3,"ms:crafting/spruce_crafting_table":1,"minecraft:white_bed":3,"minecraft:apple":1,"ms:food/beefsandwich":1,"ms:tool/copperpickaxe":1,"minecraft:bread":7,"minecraft:stone_axe":33,"minecraft:purple_bed":5,"minecraft:furnace":3,"minecraft:cooked_porkchop":4,"minecraft:andesite":2}},"DataVersion":2586}