{"stats":{"minecraft:picked_up":{"ms:tool/coppersword":3,"minecraft:wheat":4,"minecraft:azure_bluet":1,"minecraft:chicken":1,"ms:copperore":18,"minecraft:wooden_pickaxe":1,"minecraft:string":20,"ms:gem/citrine":39,"minecraft:item_frame":1,"alexsmobs:emu_feather":6,"minecraft:beef":2,"ms:crop/pink_tulip_seeds":1,"ms:tool/copperpickaxe":1,"alexsmobs:raccoon_tail":1,"minecraft:furnace":1,"minecraft:torch":15,"ms:marblecobble":4,"ms:food/riceseeds":2,"minecraft:carrot":9,"ms:armor/steellegs":1,"ms:tinore":1,"minecraft:dark_oak_planks":1,"minecraft:arrow":2,"minecraft:rotten_flesh":36,"minecraft:beetroot_seeds":3,"minecraft:hay_block":25,"alexsmobs:boiled_emu_egg":1,"alexsmobs:emu_egg":1,"ms:gem/amazonite":4,"minecraft:mutton":13,"minecraft:cobblestone":23,"minecraft:white_wool":5,"minecraft:rail":7,"minecraft:andesite":4,"minecraft:leather":9,"ms:crop/red_tulip_seeds":3,"minecraft:potato":8,"ms:nature/silverbell_log":1,"ms:nature/maplesapling":1,"minecraft:oak_log":8,"ms:crop/black_tulip_seeds":2,"minecraft:yellow_bed":4,"minecraft:dirt":9,"minecraft:orange_terracotta":1,"minecraft:cooked_mutton":1,"ms:tool/mithrilbow":1,"minecraft:bone":4,"ms:nature/maplelog":4,"minecraft:wheat_seeds":24,"minecraft:stone_pickaxe":3,"minecraft:cooked_chicken":1,"minecraft:iron_ore":6,"ms:crafting/spruce_crafting_table":2,"ms:limecobble":3,"minecraft:pumpkin":2,"minecraft:sweet_berries":9,"ms:gem/olivine":25,"ms:gem/lila":11,"minecraft:blast_furnace":1,"minecraft:dark_oak_log":2,"ms:tool/steelsword":1,"ms:armor/tinhelmet":1,"minecraft:purple_bed":6,"minecraft:gray_wool":1,"minecraft:bread":60,"minecraft:dark_oak_fence":4,"minecraft:oak_sapling":1,"minecraft:coal":119,"minecraft:black_wool":1},"minecraft:crafted":{"minecraft:oak_planks":28,"ms:tool/citrinesword":1,"usefulbackpacks:backpack_small":2,"minecraft:furnace":1,"minecraft:cooked_mutton":9,"minecraft:stone_pickaxe":2,"ms:tool/citrinepickaxe":1,"minecraft:wheat":225,"minecraft:cooked_beef":2,"ms:crafting/spruce_crafting_table":2,"minecraft:crafting_table":2,"minecraft:spruce_planks":12,"ms:tool/citrineaxe":1,"minecraft:wooden_pickaxe":1,"minecraft:bucket":1,"minecraft:pumpkin_seeds":8,"ms:food/beefsandwich":2,"minecraft:bread":80,"ms:gem/copperingot":6,"ms:food/breadslice":6,"minecraft:white_wool":3,"minecraft:shield":1,"ms:tool/copperpickaxe":2,"minecraft:stick":28,"minecraft:iron_ingot":6,"ms:nature/mapleplank":16,"minecraft:stone_sword":1,"minecraft:torch":8,"ms:nature/silverbell_plank":4},"minecraft:mined":{"minecraft:dark_oak_planks":1,"ms:tinore":1,"minecraft:dark_oak_log":2,"ms:olivineore":15,"minecraft:dark_oak_fence":1,"ms:marblecobble":4,"minecraft:red_sand":1,"minecraft:grass_block":3,"ms:nature/silverbell_log":1,"ms:plant/grass":8,"minecraft:spawner":1,"minecraft:hay_block":25,"minecraft:furnace":1,"minecraft:carrots":9,"minecraft:iron_ore":6,"ms:nature/mapleleaf_red":41,"minecraft:pumpkin":2,"minecraft:azure_bluet":1,"minecraft:potatoes":10,"minecraft:rail":2,"minecraft:stone":24,"ms:citrineore":13,"minecraft:orange_terracotta":1,"ms:crafting/spruce_crafting_table":2,"minecraft:torch":6,"minecraft:blast_furnace":1,"minecraft:dead_bush":1,"minecraft:tall_grass":4,"minecraft:cobblestone":8,"minecraft:wall_torch":7,"ms:copperore":14,"ms:lilaore":5,"minecraft:purple_bed":7,"minecraft:wheat":26,"minecraft:sweet_berry_bush":3,"ms:amazoniteore":3,"minecraft:birch_leaves":2,"ms:nature/maplelog":4,"minecraft:yellow_bed":3,"minecraft:grass":18,"minecraft:coal_ore":61,"minecraft:oak_log":8,"minecraft:beetroots":4,"minecraft:dirt":6,"ms:nature/mapleleaf":2,"minecraft:cobweb":10,"ms:limecobble":2,"minecraft:oak_leaves":6,"minecraft:fern":1},"minecraft:custom":{"minecraft:mob_kills":44,"minecraft:interact_with_anvil":1,"minecraft:interact_with_crafting_table":30,"minecraft:open_barrel":8,"minecraft:interact_with_campfire":2,"minecraft:leave_game":2,"minecraft:time_since_death":131744,"minecraft:climb_one_cm":1102,"minecraft:sprint_one_cm":416424,"minecraft:walk_one_cm":369635,"minecraft:damage_blocked_by_shield":325,"minecraft:drop":55,"minecraft:talked_to_villager":5,"minecraft:sneak_time":578,"minecraft:walk_under_water_one_cm":2670,"minecraft:jump":2708,"minecraft:interact_with_blast_furnace":1,"minecraft:walk_on_water_one_cm":15617,"minecraft:interact_with_furnace":13,"minecraft:play_one_minute":131744,"minecraft:sleep_in_bed":10,"minecraft:time_since_rest":3610,"minecraft:damage_taken":2139,"minecraft:damage_dealt":7511,"minecraft:swim_one_cm":12190,"minecraft:fly_one_cm":407803,"minecraft:open_chest":6,"minecraft:crouch_one_cm":2097,"minecraft:interact_with_smoker":1,"minecraft:fall_one_cm":63977},"minecraft:dropped":{"minecraft:bread":60,"ms:crop/pink_tulip_seeds":1,"minecraft:oak_log":1,"minecraft:cobblestone":3,"minecraft:rail":6,"minecraft:stick":3,"minecraft:dirt":6,"minecraft:gray_wool":1,"minecraft:dark_oak_fence":3,"minecraft:mutton":2,"ms:tool/copperpickaxe":2,"ms:tool/coppersword":1,"usefulbackpacks:backpack_small":1,"minecraft:iron_leggings":1,"ms:limecobble":3,"minecraft:string":1,"minecraft:dark_oak_planks":1,"alexsmobs:raccoon_tail":1,"ms:food/riceseeds":1,"minecraft:rotten_flesh":29,"minecraft:azure_bluet":1,"ms:food/beefsandwich":1,"ms:crop/red_tulip_seeds":3,"ms:crop/black_tulip_seeds":2,"minecraft:orange_terracotta":1,"minecraft:andesite":4,"minecraft:yellow_bed":2,"minecraft:oak_sapling":1,"minecraft:arrow":1,"minecraft:stone_pickaxe":4,"minecraft:wooden_pickaxe":2,"ms:tinore":1,"minecraft:black_wool":1},"minecraft:killed":{"alexsmobs:raccoon":1,"minecraft:spider":1,"alexsmobs:rattlesnake":1,"minecraft:skeleton":2,"minecraft:chicken":1,"alexsmobs:emu":4,"minecraft:sheep":7,"alexsmobs:cockroach":1,"minecraft:zombie":24,"alexsmobs:fly":1,"minecraft:cow":1},"minecraft:used":{"ms:tool/citrinepickaxe":103,"minecraft:stone_sword":24,"minecraft:shield":6,"minecraft:cooked_chicken":1,"minecraft:rotten_flesh":6,"minecraft:torch":20,"minecraft:dirt":3,"ms:crafting/spruce_crafting_table":3,"minecraft:item_frame":1,"minecraft:furnace":1,"minecraft:potato":2,"alexsmobs:boiled_emu_egg":1,"minecraft:cooked_mutton":1,"minecraft:stone_pickaxe":43,"minecraft:wooden_pickaxe":8,"ms:tool/citrinesword":60,"minecraft:rail":1,"minecraft:crafting_table":2,"minecraft:blast_furnace":1,"minecraft:apple":5,"ms:tool/copperpickaxe":11,"ms:food/beefsandwich":1,"minecraft:bread":42,"ms:tool/coppersword":42,"ms:tool/citrineaxe":2,"ms:tool/steelsword":84,"ms:nature/maplesapling":1,"minecraft:cobblestone":3,"minecraft:purple_bed":5,"minecraft:dark_oak_fence":1,"minecraft:bucket":1,"minecraft:yellow_bed":2,"alexsmobs:animal_dictionary":14,"alexsmobs:emu_egg":1}},"DataVersion":2586}