{"stats":{"minecraft:picked_up":{"ms:tool/coppersword":2,"minecraft:wheat":6,"minecraft:chicken":4,"ms:crop/brown_tulip_seeds":1,"minecraft:smithing_table":1,"minecraft:string":2,"minecraft:wooden_sword":2,"ms:crop/cyan_tulip_seeds":1,"minecraft:item_frame":3,"minecraft:cartography_table":2,"minecraft:beef":8,"ms:crop/pink_tulip_seeds":1,"ms:crafting/birch_crafting_table":8,"alexsmobs:raccoon_tail":1,"minecraft:spruce_trapdoor":2,"minecraft:stick":4,"minecraft:sandstone":24,"ms:crop/green_tulip_seeds":1,"minecraft:torch":12,"ms:armor/sandstoneboots":1,"ms:tinore":4,"minecraft:arrow":9,"minecraft:rotten_flesh":19,"minecraft:peony":2,"minecraft:hay_block":18,"minecraft:red_tulip":2,"minecraft:mutton":6,"minecraft:cobblestone":22,"minecraft:white_wool":4,"minecraft:birch_log":9,"minecraft:feather":10,"minecraft:salmon":1,"minecraft:andesite":1,"minecraft:leather":4,"minecraft:smoker":3,"ms:nature/silverbell_log":8,"minecraft:oak_log":1,"minecraft:yellow_bed":10,"ms:crop/light_grey_tulip_seeds":1,"minecraft:blue_bed":3,"minecraft:dirt":17,"minecraft:bone":6,"minecraft:orange_tulip":1,"minecraft:cooked_chicken":4,"minecraft:iron_ore":9,"ms:crafting/silverbell_crafting_table":1,"ms:nature/silverbell_sapling":2,"minecraft:birch_boat":1,"minecraft:pumpkin":10,"ms:crop/magenta_tulip_seeds":1,"minecraft:dandelion":5,"minecraft:sand":362,"ms:crop/purple_tulip_seeds":1,"minecraft:ink_sac":3,"minecraft:lily_of_the_valley":8,"ms:tool/steelsword":3,"minecraft:barrel":3,"alexsmobs:animal_dictionary":2,"ms:food/lettuceseeds":1,"minecraft:purple_bed":2,"ms:entity/ice_slime_ball":2,"alexsmobs:maggot":1,"minecraft:oak_sapling":2,"minecraft:coal":10},"minecraft:killed":{"minecraft:spider":1,"ms:ice_slime":8,"minecraft:skeleton":2,"minecraft:chicken":4,"minecraft:zombie_villager":1,"minecraft:salmon":2,"minecraft:sheep":4,"minecraft:zombie":9,"alexsmobs:fly":2,"minecraft:cow":3},"minecraft:broken":{"minecraft:wooden_shovel":4},"minecraft:dropped":{"minecraft:bread":18,"ms:crop/pink_tulip_seeds":1,"minecraft:feather":4,"minecraft:item_frame":1,"minecraft:stick":1,"minecraft:dirt":8,"minecraft:torch":2,"minecraft:map":3,"minecraft:wooden_sword":1,"minecraft:sand":165,"alexsmobs:raccoon_tail":1,"minecraft:dandelion":2,"minecraft:bone":2,"alexsmobs:animal_dictionary":1,"minecraft:wheat":1,"minecraft:rotten_flesh":13,"minecraft:andesite":1,"minecraft:yellow_bed":1,"minecraft:purple_bed":1,"minecraft:oak_sapling":2,"minecraft:sandstone":24,"minecraft:arrow":3,"minecraft:wooden_pickaxe":1,"ms:tool/steelsword":1},"minecraft:crafted":{"minecraft:wooden_sword":1,"minecraft:oak_planks":4,"minecraft:birch_boat":1,"minecraft:furnace":1,"minecraft:stone_pickaxe":2,"minecraft:wheat":162,"minecraft:cooked_beef":8,"minecraft:wooden_shovel":4,"minecraft:wooden_pickaxe":1,"ms:crafting/silverbell_crafting_table":1,"minecraft:birch_planks":36,"ms:crafting/birch_crafting_table":3,"minecraft:bread":59,"minecraft:air":0,"minecraft:stick":20,"minecraft:iron_ingot":3,"minecraft:wooden_axe":1,"minecraft:torch":8,"ms:nature/silverbell_plank":16},"minecraft:mined":{"ms:tinore":4,"minecraft:spruce_trapdoor":2,"minecraft:grass_block":12,"minecraft:spruce_leaves":1,"ms:nature/silverbell_log":8,"minecraft:cartography_table":2,"ms:plant/grass":8,"minecraft:sandstone":51,"minecraft:hay_block":18,"minecraft:iron_ore":9,"minecraft:barrel":3,"minecraft:andesite":1,"ms:crafting/silverbell_crafting_table":1,"minecraft:pumpkin":10,"minecraft:peony":2,"minecraft:red_tulip":2,"minecraft:stone":30,"minecraft:smithing_table":1,"minecraft:lily_of_the_valley":8,"minecraft:smoker":3,"minecraft:dandelion":1,"minecraft:torch":8,"minecraft:blue_bed":3,"minecraft:wall_torch":4,"ms:crafting/birch_crafting_table":8,"minecraft:purple_bed":2,"minecraft:birch_log":9,"minecraft:birch_leaves":1,"minecraft:orange_tulip":1,"minecraft:yellow_bed":8,"minecraft:grass":11,"minecraft:coal_ore":10,"minecraft:sand":276,"minecraft:dirt":2,"ms:nature/mapleleaf":2,"minecraft:red_mushroom_block":2,"ms:limecobble":2,"minecraft:oak_leaves":7},"minecraft:used":{"minecraft:wooden_shovel":236,"minecraft:cooked_chicken":4,"minecraft:rotten_flesh":2,"minecraft:torch":17,"minecraft:dirt":7,"minecraft:wooden_axe":44,"alexsmobs:maggot":1,"minecraft:barrel":3,"minecraft:item_frame":1,"minecraft:furnace":1,"ms:crafting/birch_crafting_table":11,"minecraft:cooked_beef":8,"minecraft:stone_pickaxe":102,"minecraft:cartography_table":2,"minecraft:birch_boat":2,"minecraft:wooden_pickaxe":32,"minecraft:blue_bed":2,"minecraft:sand":18,"ms:nature/silverbell_sapling":2,"minecraft:smoker":3,"minecraft:bread":17,"ms:tool/coppersword":114,"minecraft:spruce_trapdoor":2,"ms:crafting/silverbell_crafting_table":1,"minecraft:wooden_sword":24,"minecraft:cobblestone":4,"minecraft:purple_bed":1,"minecraft:yellow_bed":7,"alexsmobs:animal_dictionary":1},"minecraft:custom":{"minecraft:interact_with_smithing_table":1,"minecraft:mob_kills":37,"minecraft:interact_with_crafting_table":13,"minecraft:open_barrel":39,"minecraft:interact_with_campfire":4,"minecraft:leave_game":3,"minecraft:time_since_death":149601,"minecraft:climb_one_cm":2526,"minecraft:sprint_one_cm":625222,"minecraft:walk_one_cm":502682,"minecraft:drop":43,"minecraft:talked_to_villager":9,"minecraft:sneak_time":1669,"minecraft:walk_under_water_one_cm":11424,"minecraft:boat_one_cm":294150,"minecraft:jump":1766,"minecraft:walk_on_water_one_cm":20461,"minecraft:interact_with_furnace":7,"minecraft:interact_with_cartography_table":4,"minecraft:play_one_minute":149601,"minecraft:pot_flower":1,"minecraft:interact_with_grindstone":1,"minecraft:sleep_in_bed":20,"minecraft:time_since_rest":16392,"minecraft:damage_taken":1092,"minecraft:damage_dealt":3718,"minecraft:swim_one_cm":13624,"minecraft:fly_one_cm":274308,"minecraft:open_chest":23,"minecraft:crouch_one_cm":2075,"minecraft:interact_with_smoker":4,"minecraft:fall_one_cm":38183}},"DataVersion":2586}