{
  "minecraft:recipes/misc/charcoal": {
    "criteria": {
      "has_log": "2024-06-16 03:42:46 +0000"
    },
    "done": true
  },
  "minecraft:recipes/building_blocks/spruce_planks": {
    "criteria": {
      "has_logs": "2024-06-16 03:42:46 +0000"
    },
    "done": true
  },
  "minecraft:recipes/building_blocks/spruce_wood": {
    "criteria": {
      "has_log": "2024-06-16 03:42:46 +0000"
    },
    "done": true
  },
  "minecraft:adventure/adventuring_time": {
    "criteria": {
      "minecraft:taiga": "2024-06-16 03:38:08 +0000"
    },
    "done": false
  },
  "DataVersion": 2586
}